Workbook

Sheet Thông tin dự án
A1: DỮ LIỆU GIẢ LẬP — dự án tham chiếu cho bộ demo Tokai Minato (không phải dự án thật)
A3: Mã case study | B3: cs_rag_scan_manual_foundry_jp
A4: Tên dự án | B4: Tra cứu tài liệu kỹ thuật dạng scan cho nhà máy đúc (giả lập)
A5: Ngành | B5: Đúc kim loại
A6: Thị trường / ngôn ngữ khách | B6: jp / ja
A7: Hướng giải pháp | B7: rag
A8: Số requirement | B8: 24
A9: Hệ số áp dụng khi ước lượng | B9: customer_jp, ocr
A10: Công nghệ | B10: Azure OpenAI, Azure AI Search, Azure AI Document Intelligence, Python
A11: Tháng chào thầu | B11: 2025-01
A12: Kết quả chào thầu | B12: Trúng thầu
A13: Hợp đồng | B13: PoC: 準委任 · MVP: 請負 · Vận hành: 準委任
A14: Lý do | B14: Cam kết trả lời kèm ảnh trang gốc để kỹ sư tự kiểm chứng.
A15: Tóm tắt | B15: Hỏi đáp trên khoảng 25.000 trang tài liệu kỹ thuật cũ, khoảng 60% là bản scan có chữ viết tay và bảng biểu; trả lời kèm ảnh trang gốc.
A16: Loại WBS | B16: WBS ước lượng khi chào thầu và effort thực tế sau dự án

Sheet WBS
A1: Mã | B1: Hạng mục (VI) | C1: 作業項目 (JA) | D1: Giai đoạn | E1: Vai trò | F1: Man-day ước lượng | G1: Man-day thực tế | H1: Chênh lệch | I1: Requirement liên quan | J1: Ghi chú
A2: 1 | B2: PoC | C2: PoC | D2: PoC
A3: 1.1 | B3: Quản lý PoC | C3: PoC管理 | D3: PoC
A4: 1.1.01 | B4: Kickoff và lập kế hoạch PoC | C4: PoCキックオフ・計画策定 | D4: PoC | E4: PM | F4: 3 | G4: 3.5 | H4: =G4-F4
A5: 1.1.02 | B5: Họp định kỳ và báo cáo tuần | C5: 週次定例・報告 | D5: PoC | E5: PM | F5: 4.5 | G5: 5.5 | H5: =G5-F5
A6: 1.1.03 | B6: Cầu nối với khách, dịch tài liệu | C6: ブリッジSE・資料翻訳 | D6: PoC | E6: BrSE | F6: 5.5 | G6: 7 | H6: =G6-F6
A7: 1.2 | B7: Khảo sát và chuẩn bị dữ liệu | C7: データ調査・準備 | D7: PoC
A8: 1.2.01 | B8: Khảo sát tài liệu, phân loại text/scan | C8: 文書調査・テキスト/スキャン分類 | D8: PoC | E8: BA | F8: 4.5 | G8: 9.5 | H8: =G8-F8 | I8: R-DOC-02 | J8: Vượt ước lượng (xem bài học)
A9: 1.2.02 | B9: Chọn tập tài liệu PoC | C9: PoC対象文書の選定 | D9: PoC | E9: BA | F9: 2 | G9: 3 | H9: =G9-F9
A10: 1.3 | B10: Pipeline RAG thử nghiệm | C10: RAGパイプライン試作 | D10: PoC
A11: 1.3.01 | B11: OCR tài liệu scan | C11: スキャン文書のOCR処理 | D11: PoC | E11: AI Engineer | F11: 6 | G11: 12.5 | H11: =G11-F11 | I11: R-DOC-02 | J11: Vượt ước lượng (xem bài học)
A12: 1.3.02 | B12: Chia đoạn và tạo chỉ mục tìm kiếm | C12: チャンク分割・検索インデックス作成 | D12: PoC | E12: AI Engineer | F12: 5.5 | G12: 7 | H12: =G12-F12
A13: 1.3.03 | B13: Prompt trả lời kèm trích dẫn nguồn | C13: 根拠付き回答プロンプト設計 | D13: PoC | E13: AI Engineer | F13: 5.5 | G13: 7 | H13: =G13-F13
A14: 1.3.04 | B14: API backend PoC | C14: PoCバックエンドAPI | D14: PoC | E14: Backend | F14: 5.5 | G14: 7 | H14: =G14-F14
A15: 1.4 | B15: Giao diện và hạ tầng PoC | C15: 画面・基盤（PoC） | D15: PoC
A16: 1.4.01 | B16: Màn hình chat hiển thị nguồn | C16: 根拠表示付きチャット画面 | D16: PoC | E16: Frontend | F16: 5 | G16: 6 | H16: =G16-F16
A17: 1.4.02 | B17: Dựng môi trường cloud PoC | C17: PoC環境構築 | D17: PoC | E17: Infra | F17: 4.5 | G17: 5.5 | H17: =G17-F17
A18: 1.4.03 | B18: Đăng nhập một lần (SSO) | C18: シングルサインオン設定 | D18: PoC | E18: Infra | F18: 2 | G18: 2.5 | H18: =G18-F18
A19: 1.5 | B19: Đánh giá PoC | C19: PoC評価 | D19: PoC
A20: 1.5.01 | B20: Bộ câu hỏi đánh giá và đáp án | C20: 評価用質問・正解データ整備 | D20: PoC | E20: QA | F20: 4.5 | G20: 5.5 | H20: =G20-F20
A21: 1.5.02 | B21: Đo tỉ lệ trả lời đúng | C21: 正答率測定 | D21: PoC | E21: QA | F21: 4.5 | G21: 5.5 | H21: =G21-F21
A22: 1.5.03 | B22: Đánh giá tại hiện trường | C22: 現場評価（5段階） | D22: PoC | E22: QA | F22: 3 | G22: 3.5 | H22: =G22-F22
A23: 1.5.04 | B23: Báo cáo kết quả, đề xuất go/no-go | C23: PoC結果報告・本開発判断資料 | D23: PoC | E23: PM | F23: 4.5 | G23: 5.5 | H23: =G23-F23
A24: 2 | B24: MVP (本開発) | C24: 本開発 | D24: MVP
A25: 2.1 | B25: Quản lý dự án | C25: プロジェクト管理 | D25: MVP
A26: 2.1.01 | B26: Kế hoạch chi tiết | C26: 詳細計画 | D26: MVP | E26: PM | F26: 6.5 | G26: 7 | H26: =G26-F26
A27: 2.1.02 | B27: Họp tuần và báo cáo tháng (đợt 1/2) | C27: 定例・月次報告（1/2） | D27: MVP | E27: PM | F27: 6.5 | G27: 7 | H27: =G27-F27
A28: 2.1.03 | B28: Họp tuần và báo cáo tháng (đợt 2/2) | C28: 定例・月次報告（2/2） | D28: MVP | E28: PM | F28: 6.5 | G28: 7 | H28: =G28-F28
A29: 2.1.04 | B29: Quản lý rủi ro và thay đổi | C29: リスク・変更管理 | D29: MVP | E29: PM | F29: 8 | G29: 8.5 | H29: =G29-F29
A30: 2.1.05 | B30: BrSE giao tiếp với khách (đợt 1/2) | C30: ブリッジSE対応（1/2） | D30: MVP | E30: BrSE | F30: 6.5 | G30: 7 | H30: =G30-F30
A31: 2.1.06 | B31: BrSE giao tiếp với khách (đợt 2/2) | C31: ブリッジSE対応（2/2） | D31: MVP | E31: BrSE | F31: 6.5 | G31: 7 | H31: =G31-F31
A32: 2.2 | B32: Thiết kế | C32: 設計 | D32: MVP
A33: 2.2.01 | B33: Chi tiết hóa yêu cầu (đợt 1/2) | C33: 要件定義詳細化（1/2） | D33: MVP | E33: BA | F33: 6.5 | G33: 7 | H33: =G33-F33
A34: 2.2.02 | B34: Chi tiết hóa yêu cầu (đợt 2/2) | C34: 要件定義詳細化（2/2） | D34: MVP | E34: BA | F34: 6.5 | G34: 7 | H34: =G34-F34
A35: 2.2.03 | B35: Thiết kế kiến trúc cloud | C35: クラウドアーキテクチャ設計 | D35: MVP | E35: Infra | F35: 8 | G35: 8.5 | H35: =G35-F35
A36: 2.2.04 | B36: Thiết kế màn hình | C36: 画面設計 | D36: MVP | E36: Frontend | F36: 8 | G36: 8.5 | H36: =G36-F36
A37: 2.2.05 | B37: Thiết kế bảo mật và phân quyền | C37: セキュリティ・権限設計 | D37: MVP | E37: Backend | F37: 8 | G37: 8.5 | H37: =G37-F37
A38: 2.3 | B38: Dữ liệu và chỉ mục toàn bộ | C38: 全データ取込・インデックス | D38: MVP
A39: 2.3.01 | B39: OCR toàn bộ tài liệu scan (đợt 1/2) | C39: 全スキャン文書のOCR（1/2） | D39: MVP | E39: AI Engineer | F39: 6.5 | G39: 13.5 | H39: =G39-F39 | I39: R-DOC-02 | J39: Vượt ước lượng (xem bài học)
A40: 2.3.02 | B40: OCR toàn bộ tài liệu scan (đợt 2/2) | C40: 全スキャン文書のOCR（2/2） | D40: MVP | E40: AI Engineer | F40: 6.5 | G40: 13.5 | H40: =G40-F40 | I40: R-DOC-02 | J40: Vượt ước lượng (xem bài học)
A41: 2.3.03 | B41: Kiểm tra chất lượng OCR (đợt 1/2) | C41: OCR品質確認（1/2） | D41: MVP | E41: QA | F41: 5 | G41: 10.5 | H41: =G41-F41 | I41: R-DOC-02 | J41: Vượt ước lượng (xem bài học)
A42: 2.3.04 | B42: Kiểm tra chất lượng OCR (đợt 2/2) | C42: OCR品質確認（2/2） | D42: MVP | E42: QA | F42: 5 | G42: 10.5 | H42: =G42-F42 | I42: R-DOC-02 | J42: Vượt ước lượng (xem bài học)
A43: 2.3.05 | B43: Quản lý phiên bản tài liệu (đợt 1/2) | C43: 文書版管理（1/2） | D43: MVP | E43: Backend | F43: 5 | G43: 6 | H43: =G43-F43
A44: 2.3.06 | B44: Quản lý phiên bản tài liệu (đợt 2/2) | C44: 文書版管理（2/2） | D44: MVP | E44: Backend | F44: 5 | G44: 6 | H44: =G44-F44
A45: 2.3.07 | B45: Phân quyền tài liệu theo nhà máy (đợt 1/2) | C45: 工場別閲覧権限（1/2） | D45: MVP | E45: Backend | F45: 5 | G45: 6 | H45: =G45-F45
A46: 2.3.08 | B46: Phân quyền tài liệu theo nhà máy (đợt 2/2) | C46: 工場別閲覧権限（2/2） | D46: MVP | E46: Backend | F46: 5 | G46: 6 | H46: =G46-F46
A47: 2.4 | B47: Chức năng hỏi đáp | C47: 質問応答機能 | D47: MVP
A48: 2.4.01 | B48: Cải thiện tìm kiếm (hybrid, rerank) (đợt 1/2) | C48: 検索精度改善（ハイブリッド・リランク）（1/2） | D48: MVP | E48: AI Engineer | F48: 6.5 | G48: 7 | H48: =G48-F48
A49: 2.4.02 | B49: Cải thiện tìm kiếm (hybrid, rerank) (đợt 2/2) | C49: 検索精度改善（ハイブリッド・リランク）（2/2） | D49: MVP | E49: AI Engineer | F49: 6.5 | G49: 7 | H49: =G49-F49
A50: 2.4.03 | B50: Lọc theo mã thiết bị, mã lỗi | C50: 設備ID・アラームコード絞り込み | D50: MVP | E50: AI Engineer | F50: 8 | G50: 8.5 | H50: =G50-F50
A51: 2.4.04 | B51: Hỏi tiếp theo ngữ cảnh | C51: 追加質問への対応 | D51: MVP | E51: AI Engineer | F51: 8 | G51: 8.5 | H51: =G51-F51
A52: 2.4.05 | B52: Hiển thị hình và bảng | C52: 図表表示 | D52: MVP | E52: Frontend | F52: 8 | G52: 8.5 | H52: =G52-F52
A53: 2.4.06 | B53: Phản hồi của người dùng | C53: 回答フィードバック | D53: MVP | E53: Frontend | F53: 6.5 | G53: 7 | H53: =G53-F53
A54: 2.5 | B54: Kênh sử dụng và quản trị | C54: 利用チャネル・管理機能 | D54: MVP
A55: 2.5.01 | B55: Dashboard tình hình sử dụng (đợt 1/2) | C55: 利用状況ダッシュボード（1/2） | D55: MVP | E55: Frontend | F55: 5 | G55: 6 | H55: =G55-F55
A56: 2.5.02 | B56: Dashboard tình hình sử dụng (đợt 2/2) | C56: 利用状況ダッシュボード（2/2） | D56: MVP | E56: Frontend | F56: 5 | G56: 6 | H56: =G56-F56
A57: 2.5.03 | B57: Cải thiện câu trả lời bị đánh giá thấp | C57: 低評価回答の改善機能 | D57: MVP | E57: Frontend | F57: 7.5 | G57: 8 | H57: =G57-F57
A58: 2.5.04 | B58: Quản lý người dùng theo nhóm | C58: 利用者・権限管理（グループ連携） | D58: MVP | E58: Backend | F58: 6.5 | G58: 7 | H58: =G58-F58
A59: 2.5.05 | B59: Log thao tác | C59: 操作ログ | D59: MVP | E59: Backend | F59: 6.5 | G59: 7 | H59: =G59-F59
A60: 2.6 | B60: Hạ tầng và bảo mật | C60: 基盤・セキュリティ | D60: MVP
A61: 2.6.01 | B61: Ba môi trường dev, stg, prod (đợt 1/2) | C61: 開発・検証・本番環境構築（1/2） | D61: MVP | E61: Infra | F61: 5.5 | G61: 6 | H61: =G61-F61
A62: 2.6.02 | B62: Ba môi trường dev, stg, prod (đợt 2/2) | C62: 開発・検証・本番環境構築（2/2） | D62: MVP | E62: Infra | F62: 5.5 | G62: 6 | H62: =G62-F62
A63: 2.6.03 | B63: Kết nối nội bộ và mã hóa | C63: 閉域接続・暗号化 | D63: MVP | E63: Infra | F63: 7.5 | G63: 8 | H63: =G63-F63
A64: 2.6.04 | B64: Giám sát hệ thống | C64: 監視設定 | D64: MVP | E64: Infra | F64: 5 | G64: 5.5 | H64: =G64-F64
A65: 2.7 | B65: Kiểm thử | C65: テスト | D65: MVP
A66: 2.7.01 | B66: Kiểm thử chức năng (đợt 1/2) | C66: 機能テスト（1/2） | D66: MVP | E66: QA | F66: 6.5 | G66: 7 | H66: =G66-F66
A67: 2.7.02 | B67: Kiểm thử chức năng (đợt 2/2) | C67: 機能テスト（2/2） | D67: MVP | E67: QA | F67: 6.5 | G67: 7 | H67: =G67-F67
A68: 2.7.03 | B68: Kiểm thử hiệu năng | C68: 性能テスト | D68: MVP | E68: QA | F68: 7.5 | G68: 8 | H68: =G68-F68
A69: 2.7.04 | B69: Kiểm thử bảo mật | C69: セキュリティテスト | D69: MVP | E69: QA | F69: 6.5 | G69: 7 | H69: =G69-F69
A70: 2.7.05 | B70: Đánh giá lại tỉ lệ trả lời đúng | C70: 正答率再評価 | D70: MVP | E70: QA | F70: 7.5 | G70: 8 | H70: =G70-F70
A71: 2.7.06 | B71: Hỗ trợ nghiệm thu (UAT) | C71: 受入テスト支援 | D71: MVP | E71: PM | F71: 7.5 | G71: 8 | H71: =G71-F71
A72: 3 | B72: Production (展開・運用) | C72: 展開・運用 | D72: Production
A73: 3.1 | B73: Triển khai | C73: 展開 | D73: Production
A74: 3.1.01 | B74: Kế hoạch triển khai | C74: 展開計画 | D74: Production | E74: PM | F74: 4.5 | G74: 5 | H74: =G74-F74
A75: 3.1.02 | B75: Nạp dữ liệu nhà máy thứ hai | C75: 第2工場データ投入 | D75: Production | E75: AI Engineer | F75: 8 | G75: 16.5 | H75: =G75-F75 | I75: R-DOC-02 | J75: Vượt ước lượng (xem bài học)
A76: 3.1.03 | B76: Kiểm tra chất lượng dữ liệu nạp | C76: 投入データ品質確認 | D76: Production | E76: QA | F76: 7 | G76: 7.5 | H76: =G76-F76
A77: 3.1.04 | B77: Release production | C77: 本番リリース | D77: Production | E77: Infra | F77: 6 | G77: 6.5 | H77: =G77-F77
A78: 3.1.05 | B78: Kiểm thử chấp nhận cuối | C78: 最終受入確認 | D78: Production | E78: QA | F78: 7 | G78: 7.5 | H78: =G78-F78
A79: 3.2 | B79: Ổn định sau go-live | C79: 稼働後安定化 | D79: Production
A80: 3.2.01 | B80: Hỗ trợ sau go-live, tuần 1–2 | C80: ハイパーケア（1〜2週） | D80: Production | E80: Backend | F80: 9.5 | G80: 9.5 | H80: =G80-F80
A81: 3.2.02 | B81: Hỗ trợ sau go-live, tuần 3–4 | C81: ハイパーケア（3〜4週） | D81: Production | E81: Backend | F81: 7 | G81: 7.5 | H81: =G81-F81
A82: 3.2.03 | B82: Sửa lỗi phát sinh | C82: 不具合修正 | D82: Production | E82: Frontend | F82: 7 | G82: 7.5 | H82: =G82-F82
A83: 3.2.04 | B83: Tinh chỉnh hiệu năng và chi phí | C83: 性能・コスト最適化 | D83: Production | E83: Infra | F83: 6 | G83: 6.5 | H83: =G83-F83
A84: 3.2.05 | B84: Tinh chỉnh câu trả lời | C84: 回答品質チューニング | D84: Production | E84: AI Engineer | F84: 8 | G84: 8 | H84: =G84-F84
A85: 3.3 | B85: Đào tạo và tài liệu | C85: 教育・マニュアル | D85: Production
A86: 3.3.01 | B86: Đào tạo quản trị viên | C86: 管理者研修 | D86: Production | E86: BA | F86: 4 | G86: 4.5 | H86: =G86-F86
A87: 3.3.02 | B87: Đào tạo người dùng tại Nhật | C87: 国内利用者説明会 | D87: Production | E87: BA | F87: 4.5 | G87: 5 | H87: =G87-F87
A88: 3.4 | B88: Vận hành và bàn giao | C88: 運用・引継ぎ | D88: Production
A89: 3.4.01 | B89: Runbook vận hành | C89: 運用手順書 | D89: Production | E89: Infra | F89: 6 | G89: 6.5 | H89: =G89-F89
A90: 3.4.02 | B90: Quy trình cập nhật LLM và đánh giá lại | C90: LLM更新手順・再評価 | D90: Production | E90: AI Engineer | F90: 4.5 | G90: 5 | H90: =G90-F90
A91: 3.4.03 | B91: Giám sát và cảnh báo | C91: 監視・アラート設定 | D91: Production | E91: Infra | F91: 4.5 | G91: 5 | H91: =G91-F91
A92: 3.4.04 | B92: Báo cáo tháng | C92: 月次報告 | D92: Production | E92: PM | F92: 6 | G92: 6.5 | H92: =G92-F92
A93: 3.4.05 | B93: Bàn giao | C93: 引継ぎ | D93: Production | E93: PM | F93: 4.5 | G93: 5 | H93: =G93-F93
A94: 3.4.06 | B94: Kiểm thử hồi quy | C94: 回帰テスト | D94: Production | E94: QA | F94: 6 | G94: 6.5 | H94: =G94-F94
B95: TỔNG | F95: =SUM(F2:F94) | G95: =SUM(G2:G94) | H95: =G95-F95

Sheet Tổng hợp
A1: Giai đoạn | B1: Vai trò | C1: Man-day ước lượng | D1: Man-day thực tế | E1: Thực tế / ước lượng
A2: PoC | B2: PM | C2: =SUMIFS(WBS!F2:F94,WBS!D2:D94,A2,WBS!E2:E94,B2) | D2: =SUMIFS(WBS!G2:G94,WBS!D2:D94,A2,WBS!E2:E94,B2) | E2: =IF(C2=0,"",ROUND(D2/C2,2))
A3: PoC | B3: BA | C3: =SUMIFS(WBS!F2:F94,WBS!D2:D94,A3,WBS!E2:E94,B3) | D3: =SUMIFS(WBS!G2:G94,WBS!D2:D94,A3,WBS!E2:E94,B3) | E3: =IF(C3=0,"",ROUND(D3/C3,2))
A4: PoC | B4: BrSE | C4: =SUMIFS(WBS!F2:F94,WBS!D2:D94,A4,WBS!E2:E94,B4) | D4: =SUMIFS(WBS!G2:G94,WBS!D2:D94,A4,WBS!E2:E94,B4) | E4: =IF(C4=0,"",ROUND(D4/C4,2))
A5: PoC | B5: AI Engineer | C5: =SUMIFS(WBS!F2:F94,WBS!D2:D94,A5,WBS!E2:E94,B5) | D5: =SUMIFS(WBS!G2:G94,WBS!D2:D94,A5,WBS!E2:E94,B5) | E5: =IF(C5=0,"",ROUND(D5/C5,2))
A6: PoC | B6: Backend | C6: =SUMIFS(WBS!F2:F94,WBS!D2:D94,A6,WBS!E2:E94,B6) | D6: =SUMIFS(WBS!G2:G94,WBS!D2:D94,A6,WBS!E2:E94,B6) | E6: =IF(C6=0,"",ROUND(D6/C6,2))
A7: PoC | B7: Frontend | C7: =SUMIFS(WBS!F2:F94,WBS!D2:D94,A7,WBS!E2:E94,B7) | D7: =SUMIFS(WBS!G2:G94,WBS!D2:D94,A7,WBS!E2:E94,B7) | E7: =IF(C7=0,"",ROUND(D7/C7,2))
A8: PoC | B8: QA | C8: =SUMIFS(WBS!F2:F94,WBS!D2:D94,A8,WBS!E2:E94,B8) | D8: =SUMIFS(WBS!G2:G94,WBS!D2:D94,A8,WBS!E2:E94,B8) | E8: =IF(C8=0,"",ROUND(D8/C8,2))
A9: PoC | B9: Infra | C9: =SUMIFS(WBS!F2:F94,WBS!D2:D94,A9,WBS!E2:E94,B9) | D9: =SUMIFS(WBS!G2:G94,WBS!D2:D94,A9,WBS!E2:E94,B9) | E9: =IF(C9=0,"",ROUND(D9/C9,2))
A10: Tổng PoC | C10: =SUMIFS(WBS!F2:F94,WBS!D2:D94,"PoC") | D10: =SUMIFS(WBS!G2:G94,WBS!D2:D94,"PoC") | E10: =IF(C10=0,"",ROUND(D10/C10,2))
A11: MVP | B11: PM | C11: =SUMIFS(WBS!F2:F94,WBS!D2:D94,A11,WBS!E2:E94,B11) | D11: =SUMIFS(WBS!G2:G94,WBS!D2:D94,A11,WBS!E2:E94,B11) | E11: =IF(C11=0,"",ROUND(D11/C11,2))
A12: MVP | B12: BA | C12: =SUMIFS(WBS!F2:F94,WBS!D2:D94,A12,WBS!E2:E94,B12) | D12: =SUMIFS(WBS!G2:G94,WBS!D2:D94,A12,WBS!E2:E94,B12) | E12: =IF(C12=0,"",ROUND(D12/C12,2))
A13: MVP | B13: BrSE | C13: =SUMIFS(WBS!F2:F94,WBS!D2:D94,A13,WBS!E2:E94,B13) | D13: =SUMIFS(WBS!G2:G94,WBS!D2:D94,A13,WBS!E2:E94,B13) | E13: =IF(C13=0,"",ROUND(D13/C13,2))
A14: MVP | B14: AI Engineer | C14: =SUMIFS(WBS!F2:F94,WBS!D2:D94,A14,WBS!E2:E94,B14) | D14: =SUMIFS(WBS!G2:G94,WBS!D2:D94,A14,WBS!E2:E94,B14) | E14: =IF(C14=0,"",ROUND(D14/C14,2))
A15: MVP | B15: Backend | C15: =SUMIFS(WBS!F2:F94,WBS!D2:D94,A15,WBS!E2:E94,B15) | D15: =SUMIFS(WBS!G2:G94,WBS!D2:D94,A15,WBS!E2:E94,B15) | E15: =IF(C15=0,"",ROUND(D15/C15,2))
A16: MVP | B16: Frontend | C16: =SUMIFS(WBS!F2:F94,WBS!D2:D94,A16,WBS!E2:E94,B16) | D16: =SUMIFS(WBS!G2:G94,WBS!D2:D94,A16,WBS!E2:E94,B16) | E16: =IF(C16=0,"",ROUND(D16/C16,2))
A17: MVP | B17: QA | C17: =SUMIFS(WBS!F2:F94,WBS!D2:D94,A17,WBS!E2:E94,B17) | D17: =SUMIFS(WBS!G2:G94,WBS!D2:D94,A17,WBS!E2:E94,B17) | E17: =IF(C17=0,"",ROUND(D17/C17,2))
A18: MVP | B18: Infra | C18: =SUMIFS(WBS!F2:F94,WBS!D2:D94,A18,WBS!E2:E94,B18) | D18: =SUMIFS(WBS!G2:G94,WBS!D2:D94,A18,WBS!E2:E94,B18) | E18: =IF(C18=0,"",ROUND(D18/C18,2))
A19: Tổng MVP | C19: =SUMIFS(WBS!F2:F94,WBS!D2:D94,"MVP") | D19: =SUMIFS(WBS!G2:G94,WBS!D2:D94,"MVP") | E19: =IF(C19=0,"",ROUND(D19/C19,2))
A20: Production | B20: PM | C20: =SUMIFS(WBS!F2:F94,WBS!D2:D94,A20,WBS!E2:E94,B20) | D20: =SUMIFS(WBS!G2:G94,WBS!D2:D94,A20,WBS!E2:E94,B20) | E20: =IF(C20=0,"",ROUND(D20/C20,2))
A21: Production | B21: BA | C21: =SUMIFS(WBS!F2:F94,WBS!D2:D94,A21,WBS!E2:E94,B21) | D21: =SUMIFS(WBS!G2:G94,WBS!D2:D94,A21,WBS!E2:E94,B21) | E21: =IF(C21=0,"",ROUND(D21/C21,2))
A22: Production | B22: BrSE | C22: =SUMIFS(WBS!F2:F94,WBS!D2:D94,A22,WBS!E2:E94,B22) | D22: =SUMIFS(WBS!G2:G94,WBS!D2:D94,A22,WBS!E2:E94,B22) | E22: =IF(C22=0,"",ROUND(D22/C22,2))
A23: Production | B23: AI Engineer | C23: =SUMIFS(WBS!F2:F94,WBS!D2:D94,A23,WBS!E2:E94,B23) | D23: =SUMIFS(WBS!G2:G94,WBS!D2:D94,A23,WBS!E2:E94,B23) | E23: =IF(C23=0,"",ROUND(D23/C23,2))
A24: Production | B24: Backend | C24: =SUMIFS(WBS!F2:F94,WBS!D2:D94,A24,WBS!E2:E94,B24) | D24: =SUMIFS(WBS!G2:G94,WBS!D2:D94,A24,WBS!E2:E94,B24) | E24: =IF(C24=0,"",ROUND(D24/C24,2))
A25: Production | B25: Frontend | C25: =SUMIFS(WBS!F2:F94,WBS!D2:D94,A25,WBS!E2:E94,B25) | D25: =SUMIFS(WBS!G2:G94,WBS!D2:D94,A25,WBS!E2:E94,B25) | E25: =IF(C25=0,"",ROUND(D25/C25,2))
A26: Production | B26: QA | C26: =SUMIFS(WBS!F2:F94,WBS!D2:D94,A26,WBS!E2:E94,B26) | D26: =SUMIFS(WBS!G2:G94,WBS!D2:D94,A26,WBS!E2:E94,B26) | E26: =IF(C26=0,"",ROUND(D26/C26,2))
A27: Production | B27: Infra | C27: =SUMIFS(WBS!F2:F94,WBS!D2:D94,A27,WBS!E2:E94,B27) | D27: =SUMIFS(WBS!G2:G94,WBS!D2:D94,A27,WBS!E2:E94,B27) | E27: =IF(C27=0,"",ROUND(D27/C27,2))
A28: Tổng Production | C28: =SUMIFS(WBS!F2:F94,WBS!D2:D94,"Production") | D28: =SUMIFS(WBS!G2:G94,WBS!D2:D94,"Production") | E28: =IF(C28=0,"",ROUND(D28/C28,2))

Sheet Lịch thực tế
A1: Giai đoạn | B1: Bắt đầu | C1: Kết thúc | D1: Số tuần
A2: PoC | B2: 2025-03-03 | C2: 2025-06-06 | D2: 14
A3: Đánh giá go/no-go, ký hợp đồng | B3: 2025-06-09 | C3: 2025-06-27 | D3: 3
A4: MVP (本開発) | B4: 2025-06-30 | C4: 2025-11-28 | D4: 22
A5: Production (展開・運用) | B5: 2025-12-01 | C5: 2026-02-06 | D5: 10

Sheet Bài học
A1: # | B1: Bài học
A2: 1 | B2: PoC kéo dài từ 10 lên 14 tuần vì OCR chữ viết tay và bảng biểu đạt chất lượng thấp, phải thêm bước người kiểm tra.
A3: 2 | B3: Nên lấy mẫu 50 trang scan ngẫu nhiên đo chất lượng OCR trước khi chốt effort.
